<?xml version="1.0" encoding="UTF-8"?>

<CarePlan xmlns="http://hl7.org/fhir">
  <id value="Oontop-Treatment-Plan-Example"/>
  <meta>
    <profile value="http://oontop.com/fhir/ig/StructureDefinition/oontop-treatment-plan"/>
  </meta>
  <text>
    <status value="additional"/><div xmlns="http://www.w3.org/1999/xhtml">&#9;&#9;&#9;<strong>Assessment</strong> &#9;&#9;&#9;<ol>&#9;&#9;&#9;&#9;<li>Recurrent GI bleed of unknown etiology; hypotension perhaps secondary to this but as likely secondary to polypharmacy.</li>&#9;&#9;&#9;&#9;<li>Acute on chronic anemia secondary to #1.</li>&#9;&#9;&#9;&#9;<li>Azotemia, acute renal failure with volume loss secondary to #1.</li>&#9;&#9;&#9;&#9;<li>Hyperkalemia secondary to #3 and on ACE and K+ supplement.</li>&#9;&#9;&#9;&#9;<li>Other chronic diagnoses as noted above, currently stable.</li>&#9;&#9;&#9;</ol>&#9;&#9;&#9;<table>&#9;&#9;&#9;&#9;<thead>&#9;&#9;&#9;&#9;&#9;<tr>&#9;&#9;&#9;&#9;&#9;&#9;<th>Planned Activity</th>&#9;&#9;&#9;&#9;&#9;&#9;<th>Planned Date</th>&#9;&#9;&#9;&#9;&#9;</tr>&#9;&#9;&#9;&#9;</thead>&#9;&#9;&#9;&#9;<tbody>&#9;&#9;&#9;&#9;&#9;<tr>&#9;&#9;&#9;&#9;&#9;&#9;<td>Colonoscopy</td>&#9;&#9;&#9;&#9;&#9;&#9;<td>September 21, 2021</td>&#9;&#9;&#9;&#9;&#9;</tr>&#9;&#9;&#9;&#9;</tbody>&#9;&#9;&#9;</table>&#9;&#9;</div>
  </text>
  <status value="active"/>
  <intent value="plan"/>
  <category>
    <coding>
      <system value="http://hl7.org/fhir/us/core/CodeSystem/careplan-category"/>
      <code value="assess-plan"/>
    </coding>
  </category>
  <subject>
    <reference value="Patient/Patient-oontop-Min"/>
  </subject>
  <activity>
    <detail>
      <kind value="ServiceRequest"/>
      <code>
        <coding>
          <system value="http://snomed.info/sct"/>
          <code value="73761001"/>
          <display value="Colonoscopy"/>
        </coding>
      </code>
      <status value="scheduled"/>
      <scheduledString value="2021-09-21T09:30:10+01:00"/>
    </detail>
  </activity>
</CarePlan>