<?xml version="1.0" encoding="UTF-8"?>

<Consent xmlns="http://hl7.org/fhir">
  <id value="Privacy-Consent-Example"/>
  <meta>
    <profile value="http://oontop.com/fhir/ig/StructureDefinition/oontop-consent"/>
  </meta>
  <text>
    <status value="generated"/><div xmlns="http://www.w3.org/1999/xhtml"><p><b>Generated Narrative</b></p><p><b>status</b>: active</p><p><b>scope</b>: <span title="Codes: {http://terminology.hl7.org/CodeSystem/consentscope patient-privacy}">Privacy Consent</span></p><p><b>category</b>: <span title="Codes: {http://loinc.org 59284-0}">Consent Document</span></p><p><b>patient</b>: <a href="Patient-Patient-oontop-Min.html">Generated Summary: Medical Record Number: 1032702 (USUAL); active; Amy V. Shaw ; gender: female; birthDate: 1987-02-20</a></p><p><b>dateTime</b>: May 26, 2021, 1:41:10 AM</p><p><b>performer</b>: <a href="Patient-Patient-oontop-Min.html">Generated Summary: Medical Record Number: 1032702 (USUAL); active; Amy V. Shaw ; gender: female; birthDate: 1987-02-20</a></p><p><b>organization</b>: <span></span></p><p><b>source</b>: </p><p><b>policyRule</b>: <span title="Codes: {http://terminology.hl7.org/CodeSystem/v3-ActCode OPTIN}">opt-in</span></p><h3>Provisions</h3><table class="grid"><tr><td>-</td><td><b>Period</b></td></tr><tr><td>*</td><td>2021-02-10 --&gt; 2021-08-10</td></tr></table></div>
  </text>
  <status value="active"/>
  <scope>
    <coding>
      <system value="http://terminology.hl7.org/CodeSystem/consentscope"/>
      <code value="patient-privacy"/>
    </coding>
  </scope>
  <category>
    <coding>
      <system value="http://loinc.org"/>
      <code value="59284-0"/>
    </coding>
  </category>
  <patient>
    <reference value="Patient/Patient-oontop-Min"/>
  </patient>
  <dateTime value="2021-05-26T00:41:10-04:00"/>
  <performer>
    <reference value="Patient/Patient-oontop-Min"/>
  </performer>
  <organization>
    <identifier>
      <system value="http://oontop.com/partners"/>
      <value value="40444"/>
    </identifier>
  </organization>
  <sourceAttachment>
    <contentType value="application/pdf"/>
    <data value="JVBERi0xLjAKMSAwIG9iajw8L1BhZ2VzIDIgMCBSPj5lbmRvYmogMiAwIG9iajw8L0tpZHNbMyAw&#xA;IFJdL0NvdW50IDE+PmVuZG9iaiAzIDAgb2JqPDwvTWVkaWFCb3hbMCAwIDMgM10+PmVuZG9iagp0&#xA;cmFpbGVyPDwvUm9vdCAxIDAgUj4+Cg=="/>
    <title value="Consent"/>
  </sourceAttachment>
  <policyRule>
    <coding>
      <system value="http://terminology.hl7.org/CodeSystem/v3-ActCode"/>
      <code value="OPTIN"/>
    </coding>
  </policyRule>
  <provision>
    <period>
      <start value="2021-02-10"/>
      <end value="2021-08-10"/>
    </period>
  </provision>
</Consent>