<?xml version="1.0" encoding="UTF-8"?>

<MedicationRequest xmlns="http://hl7.org/fhir">
  <id value="Oontop-Medication-Request-Example"/>
  <meta>
    <profile value="http://hl7.org/fhir/us/core/StructureDefinition/us-core-medicationrequest"/>
  </meta>
  <text>
    <status value="generated"/><div xmlns="http://www.w3.org/1999/xhtml"><p><b>Generated Narrative</b></p><p><b>status</b>: active</p><p><b>intent</b>: order</p><p><b>medication</b>: <span title="Codes: {http://www.nlm.nih.gov/research/umls/rxnorm 582620}">Nizatidine 15 MG/ML Oral Solution [Axid]</span></p><p><b>subject</b>: <a href="Patient-Patient-oontop-Min.html">Generated Summary: Medical Record Number: 1032702 (USUAL); active; Amy V. Shaw ; gender: female; birthDate: 1987-02-20</a></p><p><b>authoredOn</b>: 2021-04-05</p><p><b>requester</b>: <span>Ronald Bone, MD</span></p><blockquote><p><b>dispenseRequest</b></p><p><b>numberOfRepeatsAllowed</b>: 1</p><p><b>quantity</b>: 480 mL</p></blockquote></div>
  </text>
  <status value="active"/>
  <intent value="order"/>
  <medicationCodeableConcept>
    <coding>
      <system value="http://www.nlm.nih.gov/research/umls/rxnorm"/>
      <code value="582620"/>
      <display value="Nizatidine 15 MG/ML Oral Solution [Axid]"/>
    </coding>
    <text value="Nizatidine 15 MG/ML Oral Solution [Axid]"/>
  </medicationCodeableConcept>
  <subject>
    <reference value="Patient/Patient-oontop-Min"/>
  </subject>
  <authoredOn value="2021-04-05"/>
  <requester>
    <display value="Ronald Bone, MD"/>
  </requester>
  <dosageInstruction>
    <text value="10 mL bid"/>
    <timing>
      <repeat>
        <boundsPeriod>
          <start value="2008-04-05"/>
        </boundsPeriod>
      </repeat>
    </timing>
  </dosageInstruction>
  <dispenseRequest>
    <numberOfRepeatsAllowed value="1"/>
    <quantity>
      <value value="480"/>
      <unit value="mL"/>
      <system value="http://unitsofmeasure.org"/>
      <code value="mL"/>
    </quantity>
    <expectedSupplyDuration>
      <value value="30"/>
      <unit value="days"/>
      <system value="http://unitsofmeasure.org"/>
      <code value="d"/>
    </expectedSupplyDuration>
  </dispenseRequest>
</MedicationRequest>