<?xml version="1.0" encoding="UTF-8"?><ImplementationGuide xmlns="http://hl7.org/fhir"><id value="com.oontop"/><language value="en-US"/><text><status value="extensions"/><div xmlns="http://www.w3.org/1999/xhtml" xml:lang="en-US" lang="en-US"><h2>OONTOP_IG</h2><p>The official URL for this implementation guide is: </p><pre>http://oontop.com/ImplementationGuide/com.oontop</pre></div></text><url value="http://oontop.com/ImplementationGuide/com.oontop"/><version value="0.5.0"/><name value="OONTOP_IG"/><status value="draft"/><date value="2021-07-12T15:53:25-03:00"/><publisher value="Ontop Systems Inc"/><contact><name value="Ontop Systems Inc"/><telecom><system value="url"/><value value="https://www.ontop.com"/></telecom><telecom><system value="email"/><value value="yossi@oontop.com"/></telecom></contact><packageId value="com.oontop"/><license value="CC0-1.0"/><fhirVersion value="4.0.1"/><dependsOn id="hl7_fhir_us_core"><uri value="http://hl7.org/fhir/us/core/ImplementationGuide/hl7.fhir.us.core"/><packageId value="hl7.fhir.us.core"/><version value="3.2.0"/></dependsOn><definition><extension url="http://hl7.org/fhir/tools/StructureDefinition/ig-parameter"><extension url="code"><valueString value="copyrightyear"/></extension><extension url="value"><valueString value="2021+"/></extension></extension><extension url="http://hl7.org/fhir/tools/StructureDefinition/ig-parameter"><extension url="code"><valueString value="releaselabel"/></extension><extension url="value"><valueString value="ci-build"/></extension></extension><extension url="http://hl7.org/fhir/tools/StructureDefinition/ig-parameter"><extension url="code"><valueString value="path-liquid"/></extension><extension url="value"><valueString value="template/liquid"/></extension></extension><extension url="http://hl7.org/fhir/tools/StructureDefinition/ig-parameter"><extension url="code"><valueString value="path-liquid"/></extension><extension url="value"><valueString value="input/liquid"/></extension></extension><extension url="http://hl7.org/fhir/tools/StructureDefinition/ig-parameter"><extension url="code"><valueString value="path-qa"/></extension><extension url="value"><valueString value="temp/qa"/></extension></extension><extension url="http://hl7.org/fhir/tools/StructureDefinition/ig-parameter"><extension url="code"><valueString value="path-temp"/></extension><extension url="value"><valueString value="temp/pages"/></extension></extension><extension url="http://hl7.org/fhir/tools/StructureDefinition/ig-parameter"><extension url="code"><valueString value="path-output"/></extension><extension url="value"><valueString value="output"/></extension></extension><extension url="http://hl7.org/fhir/tools/StructureDefinition/ig-parameter"><extension url="code"><valueString value="path-suppressed-warnings"/></extension><extension url="value"><valueString value="input/ignoreWarnings.txt"/></extension></extension><extension url="http://hl7.org/fhir/tools/StructureDefinition/ig-parameter"><extension url="code"><valueString value="path-history"/></extension><extension url="value"><valueString value="http://oontop.com/history.html"/></extension></extension><extension url="http://hl7.org/fhir/tools/StructureDefinition/ig-parameter"><extension url="code"><valueString value="template-html"/></extension><extension url="value"><valueString value="template-page.html"/></extension></extension><extension url="http://hl7.org/fhir/tools/StructureDefinition/ig-parameter"><extension url="code"><valueString value="template-md"/></extension><extension url="value"><valueString value="template-page-md.html"/></extension></extension><extension url="http://hl7.org/fhir/tools/StructureDefinition/ig-parameter"><extension url="code"><valueString value="apply-contact"/></extension><extension url="value"><valueString value="true"/></extension></extension><extension url="http://hl7.org/fhir/tools/StructureDefinition/ig-parameter"><extension url="code"><valueString value="apply-context"/></extension><extension url="value"><valueString value="true"/></extension></extension><extension url="http://hl7.org/fhir/tools/StructureDefinition/ig-parameter"><extension url="code"><valueString value="apply-copyright"/></extension><extension url="value"><valueString value="true"/></extension></extension><extension url="http://hl7.org/fhir/tools/StructureDefinition/ig-parameter"><extension url="code"><valueString value="apply-jurisdiction"/></extension><extension url="value"><valueString value="true"/></extension></extension><extension url="http://hl7.org/fhir/tools/StructureDefinition/ig-parameter"><extension url="code"><valueString value="apply-license"/></extension><extension url="value"><valueString value="true"/></extension></extension><extension url="http://hl7.org/fhir/tools/StructureDefinition/ig-parameter"><extension url="code"><valueString value="apply-publisher"/></extension><extension url="value"><valueString value="true"/></extension></extension><extension url="http://hl7.org/fhir/tools/StructureDefinition/ig-parameter"><extension url="code"><valueString value="apply-version"/></extension><extension url="value"><valueString value="true"/></extension></extension><extension url="http://hl7.org/fhir/tools/StructureDefinition/ig-parameter"><extension url="code"><valueString value="active-tables"/></extension><extension url="value"><valueString value="true"/></extension></extension><grouping id="-str-profile"><name value="Structures: Resource Profiles"/><description value="These define constraints on FHIR resources for systems conforming to this implementation guide"/></grouping><grouping id="-ex-example"><name value="Example: Example Instances"/><description value="These are example instances that show what data produced and consumed by systems conforming with this implementation guide might look like"/></grouping><resource><extension url="http://hl7.org/fhir/StructureDefinition/implementationguide-page"><valueUri value="StructureDefinition-patient-oontop.html"/></extension><reference><reference value="StructureDefinition/patient-oontop"/></reference><name value="oontop Patient"/><description value="oontop Patient"/><exampleBoolean value="false"/><groupingId value="-str-profile"/></resource><resource><extension url="http://hl7.org/fhir/StructureDefinition/implementationguide-page"><valueUri value="StructureDefinition-oontop-pain-score.html"/></extension><reference><reference value="StructureDefinition/oontop-pain-score"/></reference><name value="oontop Pain Score"/><description value="oontop Pain Score"/><exampleBoolean value="false"/><groupingId value="-str-profile"/></resource><resource><extension url="http://hl7.org/fhir/StructureDefinition/implementationguide-page"><valueUri value="StructureDefinition-oontop-call-reason.html"/></extension><reference><reference value="StructureDefinition/oontop-call-reason"/></reference><name value="oontop Call Reason"/><description value="oontop Call Reason"/><exampleBoolean value="false"/><groupingId value="-str-profile"/></resource><resource><extension url="http://hl7.org/fhir/StructureDefinition/implementationguide-page"><valueUri value="StructureDefinition-oontop-vital-signs-panel.html"/></extension><reference><reference value="StructureDefinition/oontop-vital-signs-panel"/></reference><name value="oontop Vital Signs Panel"/><description value="oontop Vital Signs Panel"/><exampleBoolean value="false"/><groupingId value="-str-profile"/></resource><resource><extension url="http://hl7.org/fhir/StructureDefinition/implementationguide-page"><valueUri value="StructureDefinition-oontop-diagnosis.html"/></extension><reference><reference value="StructureDefinition/oontop-diagnosis"/></reference><name value="oontop Diagnosis"/><description value="oontop Diagnosis"/><exampleBoolean value="false"/><groupingId value="-str-profile"/></resource><resource><extension url="http://hl7.org/fhir/StructureDefinition/implementationguide-page"><valueUri value="StructureDefinition-oontop-treatment-plan.html"/></extension><reference><reference value="StructureDefinition/oontop-treatment-plan"/></reference><name value="oontop Treatment"/><description value="oontop Treatment"/><exampleBoolean value="false"/><groupingId value="-str-profile"/></resource><resource><extension url="http://hl7.org/fhir/StructureDefinition/implementationguide-page"><valueUri value="Patient-Patient-oontop-Min.html"/></extension><reference><reference value="Patient/Patient-oontop-Min"/></reference><name value="oontop Patient Min Example"/><description value="oontop Patient Minimal Example"/><exampleBoolean value="true"/><groupingId value="-ex-example"/></resource><resource><extension url="http://hl7.org/fhir/StructureDefinition/implementationguide-page"><valueUri value="Observation-Oontop-Pain-Score-Example.html"/></extension><reference><reference value="Observation/Oontop-Pain-Score-Example"/></reference><name value="oontop Pain Score Example"/><description value="oontop Pain Score Example"/><exampleBoolean value="true"/><groupingId value="-ex-example"/></resource><resource><extension url="http://hl7.org/fhir/StructureDefinition/implementationguide-page"><valueUri value="Condition-Oontop-CallReason-Example.html"/></extension><reference><reference value="Condition/Oontop-CallReason-Example"/></reference><name value="oontop Call Reason Example"/><description value="oontop Call Reason Example"/><exampleBoolean value="true"/><groupingId value="-ex-example"/></resource><resource><extension url="http://hl7.org/fhir/StructureDefinition/implementationguide-page"><valueUri value="Condition-Oontop-Diagnosis-Example.html"/></extension><reference><reference value="Condition/Oontop-Diagnosis-Example"/></reference><name value="oontop Diagnosis Example"/><description value="oontop Diagnosis Example"/><exampleBoolean value="true"/><groupingId value="-ex-example"/></resource><resource><extension url="http://hl7.org/fhir/StructureDefinition/implementationguide-page"><valueUri value="Observation-Oontop-respiratory-rate.html"/></extension><reference><reference value="Observation/Oontop-respiratory-rate"/></reference><name value="oontop Vitals - Respiratory Rate Example"/><description value="oontop Vitals - Respiratory Rate Example"/><exampleBoolean value="true"/><groupingId value="-ex-example"/></resource><resource><extension url="http://hl7.org/fhir/StructureDefinition/implementationguide-page"><valueUri value="Observation-Oontop-heart-rate.html"/></extension><reference><reference value="Observation/Oontop-heart-rate"/></reference><name value="oontop Vitals - Heart Rate Example"/><description value="oontop Vitals - Heart Rate Example"/><exampleBoolean value="true"/><groupingId value="-ex-example"/></resource><resource><extension url="http://hl7.org/fhir/StructureDefinition/implementationguide-page"><valueUri value="Observation-Oontop-blood-pressure.html"/></extension><reference><reference value="Observation/Oontop-blood-pressure"/></reference><name value="oontop Vitals - Blood Pressure Example"/><description value="oontop Vitals - Blood Pressure Example"/><exampleBoolean value="true"/><groupingId value="-ex-example"/></resource><resource><extension url="http://hl7.org/fhir/StructureDefinition/implementationguide-page"><valueUri value="Observation-Oontop-temperature.html"/></extension><reference><reference value="Observation/Oontop-temperature"/></reference><name value="oontop Vitals - Temperature Example"/><description value="oontop Vitals - Temperature Example"/><exampleBoolean value="true"/><groupingId value="-ex-example"/></resource><resource><extension url="http://hl7.org/fhir/StructureDefinition/implementationguide-page"><valueUri value="Observation-Oontop-vitals-panel.html"/></extension><reference><reference value="Observation/Oontop-vitals-panel"/></reference><name value="oontop Vitals - Panel"/><description value="oontop Vitals - Panel Example"/><exampleBoolean value="true"/><groupingId value="-ex-example"/></resource><resource><extension url="http://hl7.org/fhir/StructureDefinition/implementationguide-page"><valueUri value="CarePlan-Oontop-Treatment-Plan-Example.html"/></extension><reference><reference value="CarePlan/Oontop-Treatment-Plan-Example"/></reference><name value="oontop Treatment Plan Example"/><description value="oontop Treatment Plan Example"/><exampleBoolean value="true"/><groupingId value="-ex-example"/></resource><resource><extension url="http://hl7.org/fhir/StructureDefinition/implementationguide-page"><valueUri value="AllergyIntolerance-Oontop-Allergy-Intolerance-Example.html"/></extension><reference><reference value="AllergyIntolerance/Oontop-Allergy-Intolerance-Example"/></reference><name value="oontop Allergy Example"/><description value="oontop Allergy Example"/><exampleBoolean value="true"/><groupingId value="-ex-example"/></resource><resource><extension url="http://hl7.org/fhir/StructureDefinition/implementationguide-page"><valueUri value="MedicationRequest-Oontop-Medication-Request-Example.html"/></extension><reference><reference value="MedicationRequest/Oontop-Medication-Request-Example"/></reference><name value="oontop Medication Example"/><description value="oontop Medication Example"/><exampleBoolean value="true"/><groupingId value="-ex-example"/></resource><resource><extension url="http://hl7.org/fhir/StructureDefinition/implementationguide-page"><valueUri value="Observation-Oontop-Lab-Result-Example.html"/></extension><reference><reference value="Observation/Oontop-Lab-Result-Example"/></reference><name value="oontop Lab Result Example"/><description value="oontop Lab Result Example"/><exampleBoolean value="true"/><groupingId value="-ex-example"/></resource><page><nameUrl value="toc.html"/><title value="Table of Contents"/><generation value="html"/><page><nameUrl value="index.html"/><title value="Home"/><generation value="markdown"/></page><page><nameUrl value="api_basics.html"/><title value="API Basics"/><generation value="markdown"/></page><page><nameUrl value="actors.html"/><title value="Actors"/><generation value="markdown"/></page><page><nameUrl value="actor_smartlink_clinical.html"/><title value="Actor - Smart Link - Clinical Data"/><generation value="markdown"/></page><page><nameUrl value="actor_medpod.html"/><title value="Actor - MedPod"/><generation value="markdown"/></page><page><nameUrl value="actor_rpm.html"/><title value="Actor - RPM"/><generation value="markdown"/></page><page><nameUrl value="actor_smartlink_demographic.html"/><title value="Actor - Smart Link - Demographic Data"/><generation value="markdown"/></page><page><nameUrl value="identifiers.html"/><title value="Identifiers"/><generation value="markdown"/></page><page><nameUrl value="downloads.html"/><title value="Downloads"/><generation value="markdown"/></page><page><nameUrl value="operations.html"/><title value="Operations"/><generation value="markdown"/></page><page><nameUrl value="safety.html"/><title value="Safety"/><generation value="markdown"/></page><page><nameUrl value="artifacts.html"/><title value="Artifacts Summary"/><generation value="html"/><page><nameUrl value="StructureDefinition-patient-oontop.html"/><title value="oontop Patient"/><generation value="generated"/></page><page><nameUrl value="StructureDefinition-oontop-pain-score.html"/><title value="oontop Pain Score"/><generation value="generated"/></page><page><nameUrl value="StructureDefinition-oontop-call-reason.html"/><title value="oontop Call Reason"/><generation value="generated"/></page><page><nameUrl value="StructureDefinition-oontop-vital-signs-panel.html"/><title value="oontop Vital Signs Panel"/><generation value="generated"/></page><page><nameUrl value="StructureDefinition-oontop-diagnosis.html"/><title value="oontop Diagnosis"/><generation value="generated"/></page><page><nameUrl value="StructureDefinition-oontop-treatment-plan.html"/><title value="oontop Treatment"/><generation value="generated"/></page><page><nameUrl value="Patient-Patient-oontop-Min.html"/><title value="oontop Patient Min Example"/><generation value="generated"/></page><page><nameUrl value="Observation-Oontop-Pain-Score-Example.html"/><title value="oontop Pain Score Example"/><generation value="generated"/></page><page><nameUrl value="Condition-Oontop-CallReason-Example.html"/><title value="oontop Call Reason Example"/><generation value="generated"/></page><page><nameUrl value="Condition-Oontop-Diagnosis-Example.html"/><title value="oontop Diagnosis Example"/><generation value="generated"/></page><page><nameUrl value="Observation-Oontop-respiratory-rate.html"/><title value="oontop Vitals - Respiratory Rate Example"/><generation value="generated"/></page><page><nameUrl value="Observation-Oontop-heart-rate.html"/><title value="oontop Vitals - Heart Rate Example"/><generation value="generated"/></page><page><nameUrl value="Observation-Oontop-blood-pressure.html"/><title value="oontop Vitals - Blood Pressure Example"/><generation value="generated"/></page><page><nameUrl value="Observation-Oontop-temperature.html"/><title value="oontop Vitals - Temperature Example"/><generation value="generated"/></page><page><nameUrl value="Observation-Oontop-vitals-panel.html"/><title value="oontop Vitals - Panel"/><generation value="generated"/></page><page><nameUrl value="CarePlan-Oontop-Treatment-Plan-Example.html"/><title value="oontop Treatment Plan Example"/><generation value="generated"/></page><page><nameUrl value="AllergyIntolerance-Oontop-Allergy-Intolerance-Example.html"/><title value="oontop Allergy Example"/><generation value="generated"/></page><page><nameUrl value="MedicationRequest-Oontop-Medication-Request-Example.html"/><title value="oontop Medication Example"/><generation value="generated"/></page><page><nameUrl value="Observation-Oontop-Lab-Result-Example.html"/><title value="oontop Lab Result Example"/><generation value="generated"/></page></page></page><parameter><code value="path-resource"/><value value="input/capabilities"/></parameter><parameter><code value="path-resource"/><value value="input/examples"/></parameter><parameter><code value="path-resource"/><value value="input/extensions"/></parameter><parameter><code value="path-resource"/><value value="input/models"/></parameter><parameter><code value="path-resource"/><value value="input/operations"/></parameter><parameter><code value="path-resource"/><value value="input/profiles"/></parameter><parameter><code value="path-resource"/><value value="input/resources"/></parameter><parameter><code value="path-resource"/><value value="input/vocabulary"/></parameter><parameter><code value="path-resource"/><value value="input/maps"/></parameter><parameter><code value="path-resource"/><value value="input/testing"/></parameter><parameter><code value="path-resource"/><value value="input/history"/></parameter><parameter><code value="path-resource"/><value value="fsh-generated/resources"/></parameter><parameter><code value="path-pages"/><value value="template/config"/></parameter><parameter><code value="path-pages"/><value value="input/images"/></parameter><parameter><code value="path-tx-cache"/><value value="input-cache/txcache"/></parameter></definition></ImplementationGuide>