<?xml version="1.0" encoding="UTF-8"?>

<AllergyIntolerance xmlns="http://hl7.org/fhir">
  <id value="Oontop-Allergy-Intolerance-Example"/>
  <meta>
    <profile value="http://hl7.org/fhir/us/core/StructureDefinition/us-core-allergyintolerance"/>
  </meta>
  <text>
    <status value="generated"/><div xmlns="http://www.w3.org/1999/xhtml"><p><b>Generated Narrative</b></p><p><b>clinicalStatus</b>: <span title="Codes: {http://terminology.hl7.org/CodeSystem/allergyintolerance-clinical active}">Active</span></p><p><b>verificationStatus</b>: <span title="Codes: {http://terminology.hl7.org/CodeSystem/allergyintolerance-verification confirmed}">Confirmed</span></p><p><b>category</b>: medication</p><p><b>criticality</b>: high</p><p><b>code</b>: <span title="Codes: {http://snomed.info/sct 763875007}">sulfonamide antibacterial</span></p><p><b>patient</b>: <a href="Patient-Patient-oontop-Min.html">Generated Summary: Medical Record Number: 1032702 (USUAL); active; Amy V. Shaw ; gender: female; birthDate: 1987-02-20</a></p><h3>Reactions</h3><table class="grid"><tr><td>-</td><td><b>Manifestation</b></td><td><b>Severity</b></td></tr><tr><td>*</td><td><span title="Codes: {http://snomed.info/sct 271807003}">skin rash</span></td><td>mild</td></tr></table></div>
  </text>
  <clinicalStatus>
    <coding>
      <system value="http://terminology.hl7.org/CodeSystem/allergyintolerance-clinical"/>
      <code value="active"/>
    </coding>
  </clinicalStatus>
  <verificationStatus>
    <coding>
      <system value="http://terminology.hl7.org/CodeSystem/allergyintolerance-verification"/>
      <code value="confirmed"/>
    </coding>
  </verificationStatus>
  <category value="medication"/>
  <criticality value="high"/>
  <code>
    <coding>
      <system value="http://snomed.info/sct"/>
      <code value="763875007"/>
      <display value="Product containing sulfonamide (product)"/>
    </coding>
    <text value="sulfonamide antibacterial"/>
  </code>
  <patient>
    <reference value="Patient/Patient-oontop-Min"/>
  </patient>
  <reaction>
    <manifestation>
      <coding>
        <system value="http://snomed.info/sct"/>
        <code value="271807003"/>
        <display value="skin rash"/>
      </coding>
      <text value="skin rash"/>
    </manifestation>
    <severity value="mild"/>
  </reaction>
</AllergyIntolerance>