[
  {
    "id": "com.oontop",
    "type": "ImplementationGuide",
    "url": "http://oontop.com/ImplementationGuide/com.oontop",
    "version": "0.5.0",
    "name": "OONTOP_IG"
  },
  {
    "id": "oontop-call-reason",
    "type": "StructureDefinition",
    "url": "http://oontop.com/fhir/ig/StructureDefinition/oontop-call-reason",
    "version": "0.5.0",
    "name": "Oontop_Call_Reason"
  },
  {
    "id": "oontop-consent",
    "type": "StructureDefinition",
    "url": "http://oontop.com/fhir/ig/StructureDefinition/oontop-consent",
    "version": "0.5.0",
    "name": "Oontop_Consent"
  },
  {
    "id": "oontop-diagnosis",
    "type": "StructureDefinition",
    "url": "http://oontop.com/fhir/ig/StructureDefinition/oontop-diagnosis",
    "version": "0.5.0",
    "name": "Oontop_Diagnosis"
  },
  {
    "id": "oontop-pain-score",
    "type": "StructureDefinition",
    "url": "http://oontop.com/fhir/ig/StructureDefinition/oontop-pain-score",
    "version": "0.5.0",
    "name": "Oontop_Pain_Score"
  },
  {
    "id": "oontop-treatment-plan",
    "type": "StructureDefinition",
    "url": "http://oontop.com/fhir/ig/StructureDefinition/oontop-treatment-plan",
    "version": "0.5.0",
    "name": "Oontop_Treatment_Plan"
  },
  {
    "id": "oontop-vital-signs-panel",
    "type": "StructureDefinition",
    "url": "http://oontop.com/fhir/ig/StructureDefinition/oontop-vital-signs-panel",
    "version": "0.5.0",
    "name": "Oontop_Vital_Signs_Panel"
  },
  {
    "id": "patient-oontop",
    "type": "StructureDefinition",
    "url": "http://oontop.com/fhir/ig/StructureDefinition/patient-oontop",
    "version": "0.5.0",
    "name": "Patient_oontop"
  }
]