{
  "resourceType": "CarePlan",
  "id": "Oontop-Treatment-Plan-Example",
  "meta": {
    "profile": [
      "http://oontop.com/fhir/ig/StructureDefinition/oontop-treatment-plan"
    ]
  },
  "text": {
    "status": "additional",
    "div": "<div xmlns=\"http://www.w3.org/1999/xhtml\">&#9;&#9;&#9;<strong>Assessment</strong> &#9;&#9;&#9;<ol>&#9;&#9;&#9;&#9;<li>Recurrent GI bleed of unknown etiology; hypotension perhaps secondary to this but as likely secondary to polypharmacy.</li>&#9;&#9;&#9;&#9;<li>Acute on chronic anemia secondary to #1.</li>&#9;&#9;&#9;&#9;<li>Azotemia, acute renal failure with volume loss secondary to #1.</li>&#9;&#9;&#9;&#9;<li>Hyperkalemia secondary to #3 and on ACE and K+ supplement.</li>&#9;&#9;&#9;&#9;<li>Other chronic diagnoses as noted above, currently stable.</li>&#9;&#9;&#9;</ol>&#9;&#9;&#9;<table>&#9;&#9;&#9;&#9;<thead>&#9;&#9;&#9;&#9;&#9;<tr>&#9;&#9;&#9;&#9;&#9;&#9;<th>Planned Activity</th>&#9;&#9;&#9;&#9;&#9;&#9;<th>Planned Date</th>&#9;&#9;&#9;&#9;&#9;</tr>&#9;&#9;&#9;&#9;</thead>&#9;&#9;&#9;&#9;<tbody>&#9;&#9;&#9;&#9;&#9;<tr>&#9;&#9;&#9;&#9;&#9;&#9;<td>Colonoscopy</td>&#9;&#9;&#9;&#9;&#9;&#9;<td>September 21, 2021</td>&#9;&#9;&#9;&#9;&#9;</tr>&#9;&#9;&#9;&#9;</tbody>&#9;&#9;&#9;</table>&#9;&#9;</div>"
  },
  "status": "active",
  "intent": "plan",
  "category": [
    {
      "coding": [
        {
          "system": "http://hl7.org/fhir/us/core/CodeSystem/careplan-category",
          "code": "assess-plan"
        }
      ]
    }
  ],
  "subject": {
    "reference": "Patient/Patient-oontop-Min"
  },
  "activity": [
    {
      "detail": {
        "kind": "ServiceRequest",
        "code": {
          "coding": [
            {
              "system": "http://snomed.info/sct",
              "code": "73761001",
              "display": "Colonoscopy"
            }
          ]
        },
        "status": "scheduled",
        "scheduledString": "2021-09-21T09:30:10+01:00"
      }
    }
  ]
}