<?xml version="1.0" encoding="UTF-8"?>

<Condition xmlns="http://hl7.org/fhir">
  <id value="Oontop-CallReason-Example"/>
  <meta>
    <profile value="http://oontop.com/fhir/ig/StructureDefinition/oontop-call-reason"/>
  </meta>
  <text>
    <status value="generated"/><div xmlns="http://www.w3.org/1999/xhtml"><p><b>Generated Narrative</b></p><p><b>clinicalStatus</b>: <span title="Codes: {http://terminology.hl7.org/CodeSystem/condition-clinical active}">Active</span></p><p><b>verificationStatus</b>: <span title="Codes: {http://terminology.hl7.org/CodeSystem/condition-ver-status confirmed}">Confirmed</span></p><p><b>category</b>: <span title="Codes: {http://terminology.hl7.org/CodeSystem/condition-category problem-list-item}">Problem List Item</span></p><p><b>code</b>: <span title="Codes: {http://snomed.info/sct 73595000}">Stress (finding)</span></p><p><b>subject</b>: <a href="Patient-Patient-oontop-Min.html">Generated Summary: Medical Record Number: 1032702 (USUAL); active; Amy V. Shaw ; gender: female; birthDate: 1987-02-20</a></p><p><b>onset</b>: May 9, 2021, 8:50:47 PM</p><p><b>recordedDate</b>: May 9, 2021, 8:50:47 PM</p></div>
  </text>
  <clinicalStatus>
    <coding>
      <system value="http://terminology.hl7.org/CodeSystem/condition-clinical"/>
      <code value="active"/>
    </coding>
  </clinicalStatus>
  <verificationStatus>
    <coding>
      <system value="http://terminology.hl7.org/CodeSystem/condition-ver-status"/>
      <code value="confirmed"/>
    </coding>
  </verificationStatus>
  <category>
    <coding>
      <system value="http://terminology.hl7.org/CodeSystem/condition-category"/>
      <code value="problem-list-item"/>
      <display value="Problem List Item"/>
    </coding>
  </category>
  <code>
    <coding>
      <system value="http://snomed.info/sct"/>
      <code value="73595000"/>
      <display value="Stress (finding)"/>
    </coding>
    <text value="Stress (finding)"/>
  </code>
  <subject>
    <reference value="Patient/Patient-oontop-Min"/>
  </subject>
  <onsetDateTime value="2021-05-09T20:50:47-03:00"/>
  <recordedDate value="2021-05-09T20:50:47-03:00"/>
</Condition>