{
  "resourceType": "MedicationRequest",
  "id": "Oontop-Medication-Request-Example",
  "meta": {
    "profile": [
      "http://hl7.org/fhir/us/core/StructureDefinition/us-core-medicationrequest"
    ]
  },
  "text": {
    "status": "generated",
    "div": "<div xmlns=\"http://www.w3.org/1999/xhtml\"><p><b>Generated Narrative</b></p><p><b>status</b>: active</p><p><b>intent</b>: order</p><p><b>medication</b>: <span title=\"Codes: {http://www.nlm.nih.gov/research/umls/rxnorm 582620}\">Nizatidine 15 MG/ML Oral Solution [Axid]</span></p><p><b>subject</b>: <a href=\"Patient-Patient-oontop-Min.html\">Generated Summary: Medical Record Number: 1032702 (USUAL); active; Amy V. Shaw ; gender: female; birthDate: 1987-02-20</a></p><p><b>authoredOn</b>: 2021-04-05</p><p><b>requester</b>: <span>Ronald Bone, MD</span></p><blockquote><p><b>dispenseRequest</b></p><p><b>numberOfRepeatsAllowed</b>: 1</p><p><b>quantity</b>: 480 mL</p></blockquote></div>"
  },
  "status": "active",
  "intent": "order",
  "medicationCodeableConcept": {
    "coding": [
      {
        "system": "http://www.nlm.nih.gov/research/umls/rxnorm",
        "code": "582620",
        "display": "Nizatidine 15 MG/ML Oral Solution [Axid]"
      }
    ],
    "text": "Nizatidine 15 MG/ML Oral Solution [Axid]"
  },
  "subject": {
    "reference": "Patient/Patient-oontop-Min"
  },
  "authoredOn": "2021-04-05",
  "requester": {
    "display": "Ronald Bone, MD"
  },
  "dosageInstruction": [
    {
      "text": "10 mL bid",
      "timing": {
        "repeat": {
          "boundsPeriod": {
            "start": "2008-04-05"
          }
        }
      }
    }
  ],
  "dispenseRequest": {
    "numberOfRepeatsAllowed": 1,
    "quantity": {
      "value": 480,
      "unit": "mL",
      "system": "http://unitsofmeasure.org",
      "code": "mL"
    },
    "expectedSupplyDuration": {
      "value": 30,
      "unit": "days",
      "system": "http://unitsofmeasure.org",
      "code": "d"
    }
  }
}