<?xml version="1.0" encoding="UTF-8"?>

<Observation xmlns="http://hl7.org/fhir">
  <id value="Oontop-Pain-Score-Example"/>
  <meta>
    <profile value="http://oontop.com/fhir/ig/StructureDefinition/oontop-pain-score"/>
  </meta>
  <text>
    <status value="generated"/><div xmlns="http://www.w3.org/1999/xhtml"><p><b>Generated Narrative</b></p><p></p><p><b>category</b>: <span title="Codes: {http://terminology.hl7.org/CodeSystem/observation-category vital-signs}">Vital Signs</span></p><p><b>code</b>: <span title="Codes: {http://loinc.org 72514-3}">Pain severity - 0-10 verbal numeric rating [Score] - Reported</span></p><p><b>subject</b>: <a href="Patient-Patient-oontop-Min.html">Generated Summary: Medical Record Number: 1032702 (USUAL); active; Amy V. Shaw ; gender: female; birthDate: 1987-02-20</a></p><p><b>effective</b>: May 8, 2021, 11:42:07 AM</p><p><b>issued</b>: May 8, 2021, 11:42:07 AM</p><p><b>value</b>: 8 {score}</p></div>
  </text>
  <status value="final"/>
  <category>
    <coding>
      <system value="http://terminology.hl7.org/CodeSystem/observation-category"/>
      <code value="vital-signs"/>
      <display value="Vital Signs"/>
    </coding>
  </category>
  <code>
    <coding>
      <system value="http://loinc.org"/>
      <code value="72514-3"/>
      <display value="Pain severity - 0-10 verbal numeric rating [Score] - Reported"/>
    </coding>
    <text value="Pain severity - 0-10 verbal numeric rating [Score] - Reported"/>
  </code>
  <subject>
    <reference value="Patient/Patient-oontop-Min"/>
  </subject>
  <effectiveDateTime value="2021-05-08T11:42:07-03:00"/>
  <issued value="2021-05-08T11:42:07.561-03:00"/>
  <valueQuantity>
    <value value="8"/>
    <unit value="{score}"/>
    <system value="http://unitsofmeasure.org"/>
    <code value="{score}"/>
  </valueQuantity>
</Observation>