<?xml version="1.0" encoding="UTF-8"?>

<Patient xmlns="http://hl7.org/fhir">
  <id value="Patient-oontop-Min"/>
  <meta>
    <profile value="http://oontop.com/fhir/ig/StructureDefinition/patient-oontop"/>
  </meta>
  <text>
    <status value="generated"/><div xmlns="http://www.w3.org/1999/xhtml"><p><b>Generated Narrative</b></p><p><b>identifier</b>: Medical Record Number: 1032702 (USUAL)</p><p><b>active</b>: true</p><p><b>name</b>: Amy V. Shaw </p><p><b>gender</b>: female</p><p><b>birthDate</b>: 1987-02-20</p><p><b>address</b>: 49 Meadow St Mounds OK 74047 US </p></div>
  </text>
  <identifier>
    <use value="usual"/>
    <type>
      <coding>
        <system value="http://terminology.hl7.org/CodeSystem/v2-0203"/>
        <code value="MR"/>
        <display value="Medical Record Number"/>
      </coding>
      <text value="Medical Record Number"/>
    </type>
    <system value="http://www.smartlink.com/patid"/>
    <value value="1032702"/>
  </identifier>
  <active value="true"/>
  <name>
    <family value="Shaw"/>
    <given value="Amy"/>
    <given value="V."/>
  </name>
  <gender value="female"/>
  <birthDate value="1987-02-20"/>
  <address>
    <line value="49 Meadow St"/>
    <city value="Mounds"/>
    <state value="OK"/>
    <postalCode value="74047"/>
    <country value="US"/>
  </address>
</Patient>