<?xml version="1.0" encoding="UTF-8"?>

<Practitioner xmlns="http://hl7.org/fhir">
  <id value="Oontop-Practitioner-Example"/>
  <meta>
    <profile value="http://hl7.org/fhir/us/core/StructureDefinition/us-core-practitioner"/>
  </meta>
  <text>
    <status value="generated"/><div xmlns="http://www.w3.org/1999/xhtml"><p><b>Generated Narrative</b></p><p><b>identifier</b>: id: 9941339108, id: 25456</p><p><b>name</b>: Ronald Bone </p><p><b>address</b>: 1003 Healthcare Drive Amherst MA 01002 (HOME)</p></div>
  </text>
  <identifier>
    <system value="http://hl7.org.fhir/sid/us-npi"/>
    <value value="9941339108"/>
  </identifier>
  <identifier>
    <system value="http://www.oontop.com/practitioners"/>
    <value value="25456"/>
  </identifier>
  <name>
    <family value="Bone"/>
    <given value="Ronald"/>
    <prefix value="Dr"/>
  </name>
  <address>
    <use value="home"/>
    <line value="1003 Healthcare Drive"/>
    <city value="Amherst"/>
    <state value="MA"/>
    <postalCode value="01002"/>
  </address>
</Practitioner>