{"resourceType":"ImplementationGuide","id":"com.oontop","language":"en-US","text":{"status":"extensions","div":"<div xmlns=\"http://www.w3.org/1999/xhtml\" xml:lang=\"en-US\" lang=\"en-US\"><h2>OONTOP_IG</h2><p>The official URL for this implementation guide is: </p><pre>http://oontop.com/ImplementationGuide/com.oontop</pre></div>"},"url":"http://oontop.com/ImplementationGuide/com.oontop","version":"0.5.0","name":"OONTOP_IG","status":"draft","date":"2021-07-12T15:53:25-03:00","publisher":"Ontop Systems Inc","contact":[{"name":"Ontop Systems Inc","telecom":[{"system":"url","value":"https://www.ontop.com"},{"system":"email","value":"yossi@oontop.com"}]}],"packageId":"com.oontop","license":"CC0-1.0","fhirVersion":["4.0.1"],"dependsOn":[{"id":"hl7_fhir_us_core","uri":"http://hl7.org/fhir/us/core/ImplementationGuide/hl7.fhir.us.core","packageId":"hl7.fhir.us.core","version":"3.2.0"}],"definition":{"extension":[{"extension":[{"url":"code","valueString":"copyrightyear"},{"url":"value","valueString":"2021+"}],"url":"http://hl7.org/fhir/tools/StructureDefinition/ig-parameter"},{"extension":[{"url":"code","valueString":"releaselabel"},{"url":"value","valueString":"ci-build"}],"url":"http://hl7.org/fhir/tools/StructureDefinition/ig-parameter"},{"extension":[{"url":"code","valueString":"path-liquid"},{"url":"value","valueString":"template/liquid"}],"url":"http://hl7.org/fhir/tools/StructureDefinition/ig-parameter"},{"extension":[{"url":"code","valueString":"path-liquid"},{"url":"value","valueString":"input/liquid"}],"url":"http://hl7.org/fhir/tools/StructureDefinition/ig-parameter"},{"extension":[{"url":"code","valueString":"path-qa"},{"url":"value","valueString":"temp/qa"}],"url":"http://hl7.org/fhir/tools/StructureDefinition/ig-parameter"},{"extension":[{"url":"code","valueString":"path-temp"},{"url":"value","valueString":"temp/pages"}],"url":"http://hl7.org/fhir/tools/StructureDefinition/ig-parameter"},{"extension":[{"url":"code","valueString":"path-output"},{"url":"value","valueString":"output"}],"url":"http://hl7.org/fhir/tools/StructureDefinition/ig-parameter"},{"extension":[{"url":"code","valueString":"path-suppressed-warnings"},{"url":"value","valueString":"input/ignoreWarnings.txt"}],"url":"http://hl7.org/fhir/tools/StructureDefinition/ig-parameter"},{"extension":[{"url":"code","valueString":"path-history"},{"url":"value","valueString":"http://oontop.com/history.html"}],"url":"http://hl7.org/fhir/tools/StructureDefinition/ig-parameter"},{"extension":[{"url":"code","valueString":"template-html"},{"url":"value","valueString":"template-page.html"}],"url":"http://hl7.org/fhir/tools/StructureDefinition/ig-parameter"},{"extension":[{"url":"code","valueString":"template-md"},{"url":"value","valueString":"template-page-md.html"}],"url":"http://hl7.org/fhir/tools/StructureDefinition/ig-parameter"},{"extension":[{"url":"code","valueString":"apply-contact"},{"url":"value","valueString":"true"}],"url":"http://hl7.org/fhir/tools/StructureDefinition/ig-parameter"},{"extension":[{"url":"code","valueString":"apply-context"},{"url":"value","valueString":"true"}],"url":"http://hl7.org/fhir/tools/StructureDefinition/ig-parameter"},{"extension":[{"url":"code","valueString":"apply-copyright"},{"url":"value","valueString":"true"}],"url":"http://hl7.org/fhir/tools/StructureDefinition/ig-parameter"},{"extension":[{"url":"code","valueString":"apply-jurisdiction"},{"url":"value","valueString":"true"}],"url":"http://hl7.org/fhir/tools/StructureDefinition/ig-parameter"},{"extension":[{"url":"code","valueString":"apply-license"},{"url":"value","valueString":"true"}],"url":"http://hl7.org/fhir/tools/StructureDefinition/ig-parameter"},{"extension":[{"url":"code","valueString":"apply-publisher"},{"url":"value","valueString":"true"}],"url":"http://hl7.org/fhir/tools/StructureDefinition/ig-parameter"},{"extension":[{"url":"code","valueString":"apply-version"},{"url":"value","valueString":"true"}],"url":"http://hl7.org/fhir/tools/StructureDefinition/ig-parameter"},{"extension":[{"url":"code","valueString":"active-tables"},{"url":"value","valueString":"true"}],"url":"http://hl7.org/fhir/tools/StructureDefinition/ig-parameter"}],"grouping":[{"id":"-str-profile","name":"Structures: Resource Profiles","description":"These define constraints on FHIR resources for systems conforming to this implementation guide"},{"id":"-ex-example","name":"Example: Example Instances","description":"These are example instances that show what data produced and consumed by systems conforming with this implementation guide might look like"}],"resource":[{"extension":[{"url":"http://hl7.org/fhir/StructureDefinition/implementationguide-page","valueUri":"StructureDefinition-patient-oontop.html"}],"reference":{"reference":"StructureDefinition/patient-oontop"},"name":"oontop Patient","description":"oontop Patient","exampleBoolean":false,"groupingId":"-str-profile"},{"extension":[{"url":"http://hl7.org/fhir/StructureDefinition/implementationguide-page","valueUri":"StructureDefinition-oontop-pain-score.html"}],"reference":{"reference":"StructureDefinition/oontop-pain-score"},"name":"oontop Pain Score","description":"oontop Pain Score","exampleBoolean":false,"groupingId":"-str-profile"},{"extension":[{"url":"http://hl7.org/fhir/StructureDefinition/implementationguide-page","valueUri":"StructureDefinition-oontop-call-reason.html"}],"reference":{"reference":"StructureDefinition/oontop-call-reason"},"name":"oontop Call Reason","description":"oontop Call Reason","exampleBoolean":false,"groupingId":"-str-profile"},{"extension":[{"url":"http://hl7.org/fhir/StructureDefinition/implementationguide-page","valueUri":"StructureDefinition-oontop-vital-signs-panel.html"}],"reference":{"reference":"StructureDefinition/oontop-vital-signs-panel"},"name":"oontop Vital Signs Panel","description":"oontop Vital Signs Panel","exampleBoolean":false,"groupingId":"-str-profile"},{"extension":[{"url":"http://hl7.org/fhir/StructureDefinition/implementationguide-page","valueUri":"StructureDefinition-oontop-diagnosis.html"}],"reference":{"reference":"StructureDefinition/oontop-diagnosis"},"name":"oontop Diagnosis","description":"oontop Diagnosis","exampleBoolean":false,"groupingId":"-str-profile"},{"extension":[{"url":"http://hl7.org/fhir/StructureDefinition/implementationguide-page","valueUri":"StructureDefinition-oontop-treatment-plan.html"}],"reference":{"reference":"StructureDefinition/oontop-treatment-plan"},"name":"oontop Treatment","description":"oontop Treatment","exampleBoolean":false,"groupingId":"-str-profile"},{"extension":[{"url":"http://hl7.org/fhir/StructureDefinition/implementationguide-page","valueUri":"Patient-Patient-oontop-Min.html"}],"reference":{"reference":"Patient/Patient-oontop-Min"},"name":"oontop Patient Min Example","description":"oontop Patient Minimal Example","exampleBoolean":true,"groupingId":"-ex-example"},{"extension":[{"url":"http://hl7.org/fhir/StructureDefinition/implementationguide-page","valueUri":"Observation-Oontop-Pain-Score-Example.html"}],"reference":{"reference":"Observation/Oontop-Pain-Score-Example"},"name":"oontop Pain Score Example","description":"oontop Pain Score Example","exampleBoolean":true,"groupingId":"-ex-example"},{"extension":[{"url":"http://hl7.org/fhir/StructureDefinition/implementationguide-page","valueUri":"Condition-Oontop-CallReason-Example.html"}],"reference":{"reference":"Condition/Oontop-CallReason-Example"},"name":"oontop Call Reason Example","description":"oontop Call Reason Example","exampleBoolean":true,"groupingId":"-ex-example"},{"extension":[{"url":"http://hl7.org/fhir/StructureDefinition/implementationguide-page","valueUri":"Condition-Oontop-Diagnosis-Example.html"}],"reference":{"reference":"Condition/Oontop-Diagnosis-Example"},"name":"oontop Diagnosis Example","description":"oontop Diagnosis Example","exampleBoolean":true,"groupingId":"-ex-example"},{"extension":[{"url":"http://hl7.org/fhir/StructureDefinition/implementationguide-page","valueUri":"Observation-Oontop-respiratory-rate.html"}],"reference":{"reference":"Observation/Oontop-respiratory-rate"},"name":"oontop Vitals - Respiratory Rate Example","description":"oontop Vitals - Respiratory Rate Example","exampleBoolean":true,"groupingId":"-ex-example"},{"extension":[{"url":"http://hl7.org/fhir/StructureDefinition/implementationguide-page","valueUri":"Observation-Oontop-heart-rate.html"}],"reference":{"reference":"Observation/Oontop-heart-rate"},"name":"oontop Vitals - Heart Rate Example","description":"oontop Vitals - Heart Rate Example","exampleBoolean":true,"groupingId":"-ex-example"},{"extension":[{"url":"http://hl7.org/fhir/StructureDefinition/implementationguide-page","valueUri":"Observation-Oontop-blood-pressure.html"}],"reference":{"reference":"Observation/Oontop-blood-pressure"},"name":"oontop Vitals - Blood Pressure Example","description":"oontop Vitals - Blood Pressure Example","exampleBoolean":true,"groupingId":"-ex-example"},{"extension":[{"url":"http://hl7.org/fhir/StructureDefinition/implementationguide-page","valueUri":"Observation-Oontop-temperature.html"}],"reference":{"reference":"Observation/Oontop-temperature"},"name":"oontop Vitals - Temperature Example","description":"oontop Vitals - Temperature Example","exampleBoolean":true,"groupingId":"-ex-example"},{"extension":[{"url":"http://hl7.org/fhir/StructureDefinition/implementationguide-page","valueUri":"Observation-Oontop-vitals-panel.html"}],"reference":{"reference":"Observation/Oontop-vitals-panel"},"name":"oontop Vitals - Panel","description":"oontop Vitals - Panel Example","exampleBoolean":true,"groupingId":"-ex-example"},{"extension":[{"url":"http://hl7.org/fhir/StructureDefinition/implementationguide-page","valueUri":"CarePlan-Oontop-Treatment-Plan-Example.html"}],"reference":{"reference":"CarePlan/Oontop-Treatment-Plan-Example"},"name":"oontop Treatment Plan Example","description":"oontop Treatment Plan Example","exampleBoolean":true,"groupingId":"-ex-example"},{"extension":[{"url":"http://hl7.org/fhir/StructureDefinition/implementationguide-page","valueUri":"AllergyIntolerance-Oontop-Allergy-Intolerance-Example.html"}],"reference":{"reference":"AllergyIntolerance/Oontop-Allergy-Intolerance-Example"},"name":"oontop Allergy Example","description":"oontop Allergy Example","exampleBoolean":true,"groupingId":"-ex-example"},{"extension":[{"url":"http://hl7.org/fhir/StructureDefinition/implementationguide-page","valueUri":"MedicationRequest-Oontop-Medication-Request-Example.html"}],"reference":{"reference":"MedicationRequest/Oontop-Medication-Request-Example"},"name":"oontop Medication Example","description":"oontop Medication Example","exampleBoolean":true,"groupingId":"-ex-example"},{"extension":[{"url":"http://hl7.org/fhir/StructureDefinition/implementationguide-page","valueUri":"Observation-Oontop-Lab-Result-Example.html"}],"reference":{"reference":"Observation/Oontop-Lab-Result-Example"},"name":"oontop Lab Result Example","description":"oontop Lab Result Example","exampleBoolean":true,"groupingId":"-ex-example"}],"page":{"nameUrl":"toc.html","title":"Table of Contents","generation":"html","page":[{"nameUrl":"index.html","title":"Home","generation":"markdown"},{"nameUrl":"api_basics.html","title":"API Basics","generation":"markdown"},{"nameUrl":"actors.html","title":"Actors","generation":"markdown"},{"nameUrl":"actor_smartlink_clinical.html","title":"Actor - Smart Link - Clinical Data","generation":"markdown"},{"nameUrl":"actor_medpod.html","title":"Actor - MedPod","generation":"markdown"},{"nameUrl":"actor_rpm.html","title":"Actor - RPM","generation":"markdown"},{"nameUrl":"actor_smartlink_demographic.html","title":"Actor - Smart Link - Demographic Data","generation":"markdown"},{"nameUrl":"identifiers.html","title":"Identifiers","generation":"markdown"},{"nameUrl":"downloads.html","title":"Downloads","generation":"markdown"},{"nameUrl":"operations.html","title":"Operations","generation":"markdown"},{"nameUrl":"safety.html","title":"Safety","generation":"markdown"},{"nameUrl":"artifacts.html","title":"Artifacts Summary","generation":"html","page":[{"nameUrl":"StructureDefinition-patient-oontop.html","title":"oontop Patient","generation":"generated"},{"nameUrl":"StructureDefinition-oontop-pain-score.html","title":"oontop Pain Score","generation":"generated"},{"nameUrl":"StructureDefinition-oontop-call-reason.html","title":"oontop Call Reason","generation":"generated"},{"nameUrl":"StructureDefinition-oontop-vital-signs-panel.html","title":"oontop Vital Signs Panel","generation":"generated"},{"nameUrl":"StructureDefinition-oontop-diagnosis.html","title":"oontop Diagnosis","generation":"generated"},{"nameUrl":"StructureDefinition-oontop-treatment-plan.html","title":"oontop Treatment","generation":"generated"},{"nameUrl":"Patient-Patient-oontop-Min.html","title":"oontop Patient Min Example","generation":"generated"},{"nameUrl":"Observation-Oontop-Pain-Score-Example.html","title":"oontop Pain Score Example","generation":"generated"},{"nameUrl":"Condition-Oontop-CallReason-Example.html","title":"oontop Call Reason Example","generation":"generated"},{"nameUrl":"Condition-Oontop-Diagnosis-Example.html","title":"oontop Diagnosis Example","generation":"generated"},{"nameUrl":"Observation-Oontop-respiratory-rate.html","title":"oontop Vitals - Respiratory Rate Example","generation":"generated"},{"nameUrl":"Observation-Oontop-heart-rate.html","title":"oontop Vitals - Heart Rate Example","generation":"generated"},{"nameUrl":"Observation-Oontop-blood-pressure.html","title":"oontop Vitals - Blood Pressure Example","generation":"generated"},{"nameUrl":"Observation-Oontop-temperature.html","title":"oontop Vitals - Temperature Example","generation":"generated"},{"nameUrl":"Observation-Oontop-vitals-panel.html","title":"oontop Vitals - Panel","generation":"generated"},{"nameUrl":"CarePlan-Oontop-Treatment-Plan-Example.html","title":"oontop Treatment Plan Example","generation":"generated"},{"nameUrl":"AllergyIntolerance-Oontop-Allergy-Intolerance-Example.html","title":"oontop Allergy Example","generation":"generated"},{"nameUrl":"MedicationRequest-Oontop-Medication-Request-Example.html","title":"oontop Medication Example","generation":"generated"},{"nameUrl":"Observation-Oontop-Lab-Result-Example.html","title":"oontop Lab Result Example","generation":"generated"}]}]},"parameter":[{"code":"path-resource","value":"input/capabilities"},{"code":"path-resource","value":"input/examples"},{"code":"path-resource","value":"input/extensions"},{"code":"path-resource","value":"input/models"},{"code":"path-resource","value":"input/operations"},{"code":"path-resource","value":"input/profiles"},{"code":"path-resource","value":"input/resources"},{"code":"path-resource","value":"input/vocabulary"},{"code":"path-resource","value":"input/maps"},{"code":"path-resource","value":"input/testing"},{"code":"path-resource","value":"input/history"},{"code":"path-resource","value":"fsh-generated/resources"},{"code":"path-pages","value":"template/config"},{"code":"path-pages","value":"input/images"},{"code":"path-tx-cache","value":"input-cache/txcache"}]}}