{
  "resourceType": "Condition",
  "id": "Oontop-CallReason-Example",
  "meta": {
    "profile": [
      "http://oontop.com/fhir/ig/StructureDefinition/oontop-call-reason"
    ]
  },
  "text": {
    "status": "generated",
    "div": "<div xmlns=\"http://www.w3.org/1999/xhtml\"><p><b>Generated Narrative</b></p><p><b>clinicalStatus</b>: <span title=\"Codes: {http://terminology.hl7.org/CodeSystem/condition-clinical active}\">Active</span></p><p><b>verificationStatus</b>: <span title=\"Codes: {http://terminology.hl7.org/CodeSystem/condition-ver-status confirmed}\">Confirmed</span></p><p><b>category</b>: <span title=\"Codes: {http://terminology.hl7.org/CodeSystem/condition-category problem-list-item}\">Problem List Item</span></p><p><b>code</b>: <span title=\"Codes: {http://snomed.info/sct 73595000}\">Stress (finding)</span></p><p><b>subject</b>: <a href=\"Patient-Patient-oontop-Min.html\">Generated Summary: Medical Record Number: 1032702 (USUAL); active; Amy V. Shaw ; gender: female; birthDate: 1987-02-20</a></p><p><b>onset</b>: May 9, 2021, 8:50:47 PM</p><p><b>recordedDate</b>: May 9, 2021, 8:50:47 PM</p></div>"
  },
  "clinicalStatus": {
    "coding": [
      {
        "system": "http://terminology.hl7.org/CodeSystem/condition-clinical",
        "code": "active"
      }
    ]
  },
  "verificationStatus": {
    "coding": [
      {
        "system": "http://terminology.hl7.org/CodeSystem/condition-ver-status",
        "code": "confirmed"
      }
    ]
  },
  "category": [
    {
      "coding": [
        {
          "system": "http://terminology.hl7.org/CodeSystem/condition-category",
          "code": "problem-list-item",
          "display": "Problem List Item"
        }
      ]
    }
  ],
  "code": {
    "coding": [
      {
        "system": "http://snomed.info/sct",
        "code": "73595000",
        "display": "Stress (finding)"
      }
    ],
    "text": "Stress (finding)"
  },
  "subject": {
    "reference": "Patient/Patient-oontop-Min"
  },
  "onsetDateTime": "2021-05-09T20:50:47-03:00",
  "recordedDate": "2021-05-09T20:50:47-03:00"
}