{
  "resourceType": "Location",
  "id": "Oontop-Location-Example",
  "text": {
    "status": "generated",
    "div": "<div xmlns=\"http://www.w3.org/1999/xhtml\"><p><b>Generated Narrative</b></p><p><b>identifier</b>: id: B1-S.F2</p><p><b>status</b>: active</p><p><b>name</b>: South Wing, second floor</p><p><b>alias</b>: BU MC, SW, F2, Burgers University Medical Center, South Wing, second floor</p><p><b>description</b>: Second floor of the Old South Wing, formerly in use by Psychiatry</p><p><b>mode</b>: instance</p><p><b>telecom</b>: ph: 2328</p><p><b>address</b>: 1003 Healthcare Drive Amherst MA USA (WORK)</p><p><b>physicalType</b>: <span title=\"Codes: {http://terminology.hl7.org/CodeSystem/location-physical-type wi}\">Wing</span></p></div>"
  },
  "identifier": [
    {
      "value": "B1-S.F2"
    }
  ],
  "status": "active",
  "name": "South Wing, second floor",
  "alias": [
    "BU MC, SW, F2",
    "Burgers University Medical Center, South Wing, second floor"
  ],
  "description": "Second floor of the Old South Wing, formerly in use by Psychiatry",
  "mode": "instance",
  "telecom": [
    {
      "system": "phone",
      "value": "2328"
    }
  ],
  "address": {
    "use": "work",
    "line": [
      "1003 Healthcare Drive"
    ],
    "city": "Amherst",
    "state": "MA",
    "country": "USA"
  },
  "physicalType": {
    "coding": [
      {
        "system": "http://terminology.hl7.org/CodeSystem/location-physical-type",
        "code": "wi",
        "display": "Wing"
      }
    ]
  }
}