{
  "resourceType": "Observation",
  "id": "Oontop-blood-pressure",
  "meta": {
    "profile": [
      "http://hl7.org/fhir/us/core/StructureDefinition/us-core-blood-pressure"
    ]
  },
  "text": {
    "status": "generated",
    "div": "<div xmlns=\"http://www.w3.org/1999/xhtml\"><p><b>Generated Narrative</b></p><p></p><p><b>category</b>: <span title=\"Codes: {http://terminology.hl7.org/CodeSystem/observation-category vital-signs}\">Vital Signs</span></p><p><b>code</b>: <span title=\"Codes: {http://loinc.org 85354-9}\">Blood pressure systolic and diastolic</span></p><p><b>subject</b>: <a href=\"Patient-Patient-oontop-Min.html\">Generated Summary: Medical Record Number: 1032702 (USUAL); active; Amy V. Shaw ; gender: female; birthDate: 1987-02-20</a></p><p><b>effective</b>: Jul 2, 2021, 7:30:00 AM</p><blockquote><p><b>component</b></p><p><b>code</b>: <span title=\"Codes: {http://loinc.org 8480-6}\">Systolic blood pressure</span></p><p><b>value</b>: 109 mmHg</p></blockquote><blockquote><p><b>component</b></p><p><b>code</b>: <span title=\"Codes: {http://loinc.org 8462-4}\">Diastolic blood pressure</span></p><p><b>value</b>: 44 mmHg</p></blockquote></div>"
  },
  "status": "final",
  "category": [
    {
      "coding": [
        {
          "system": "http://terminology.hl7.org/CodeSystem/observation-category",
          "code": "vital-signs",
          "display": "Vital Signs"
        }
      ],
      "text": "Vital Signs"
    }
  ],
  "code": {
    "coding": [
      {
        "system": "http://loinc.org",
        "code": "85354-9",
        "display": "Blood pressure panel with all children optional"
      }
    ],
    "text": "Blood pressure systolic and diastolic"
  },
  "subject": {
    "reference": "Patient/Patient-oontop-Min"
  },
  "effectiveDateTime": "2021-07-02T10:30:00Z",
  "component": [
    {
      "code": {
        "coding": [
          {
            "system": "http://loinc.org",
            "code": "8480-6",
            "display": "Systolic blood pressure"
          }
        ],
        "text": "Systolic blood pressure"
      },
      "valueQuantity": {
        "value": 109,
        "unit": "mmHg",
        "system": "http://unitsofmeasure.org",
        "code": "mm[Hg]"
      }
    },
    {
      "code": {
        "coding": [
          {
            "system": "http://loinc.org",
            "code": "8462-4",
            "display": "Diastolic blood pressure"
          }
        ],
        "text": "Diastolic blood pressure"
      },
      "valueQuantity": {
        "value": 44,
        "unit": "mmHg",
        "system": "http://unitsofmeasure.org",
        "code": "mm[Hg]"
      }
    }
  ]
}